Workbook

Sheet Input Parameter Design
A1: List of Input Parameters
A2: S.No. | B2: Name of Parameter | C2: Discription of parameter | E2: Levels | H2: Amr Comment
D3: Code | E3: Low | F3: Mid | G3: High
A4: 1 | B4: Shifts in Trade Volume | C4: Demand of inbound non-agri products (from GB to IRL) | D4: NA-IM | E4: Reduce 25% | F4: Current | G4: Increase 25% | H4: Changes in Demand (Imports/ Exports) were caused because on COVID-19 in the first place. With respect to Agri-food, the sector is less likely to witness major shift in demand because of Brexit only. Although there are preparations to replace the UK market with others in EU and beyond for some sectors (Cheese), other sectors still relay heavily on the UK. (We need to decide here if COVID-19 will considered on the paper or not) [the Decision is that the article will focus only on Brexit disruption so no need to change these set of parametyers ]
C5: Demand of outbound non-agri products (from IRL to GB) | D5: NA-EX
C6: Demand of inbound agri products (from GB to IRL) | D6: A-IMP
C7: Demand of outbound agri products (from IRL to GB) | D7: A-EXP
A8: 2 | B8: Direct Routes to Mainland Europe | C8: Shift of demand of inbound non-agri products (from LB to Cherbourg route) | E8: Current | F8: Shift 25% | G8: Shift 50% | H8: This parameter will difinitily be considered. Rosslare must be considered as well since most of Direct Sailing start from Rosslare now
C9: Shift of demand of outbound non-agri products (from LB to Cherbourg route)
C10: Shift of demand of inbound agri products (from LB to Cherbourg route)
C11: Shift of demand of outbound agri products (from LB to Cherbourg route)
C12: Vessel capacity between Dublin and Holyhead route | E12: Reduce 25% | F12: Reduce 50% | G12: Reduce 75% | H12: Direct shipping capacity should also be considered. New sailing frequency from Rosslare should be added to the model. Updates on their capacity and destination points should be collected. Rosslare-Bilbao (other Spain ports) to be added
C13: Vessel capacity between Dublin and Heysham route
C14: Vessel capacity between Dublin and Liverpool route
A15: 3 | B15: Customs Expertise & Resources | C15: Check timings for documentry and seal identity | E15: Low | F15: Mid | G15: High | H15: Important
C16: Check timings for physical
C17: Number of Custom shed | E17: Low | F17: Current | G17: High | H17: To be Considered
C18: Number of DAFM Bays
A19: 4 | B19: Border Checks Intervention | C19: Pecentage of non-agri outbound green route trucks | E19: Low (90%) | F19: Current (70%) | G19: High (60%) | H19: Our focus in the paper should focus on SPS percenatges of Agri-food (Export and import). Non-Agri related parameters should be tested againsyt Customs Sheds indicators. Agri parameters should be tested against DAFM sheds indicators
C20: Pecentage of non-agri outbound red route trucks | E20: Low (10%) | F20: Current (30%) | G20: High (40%)
C21: Pecentage of agri outbound red route trucks | E21: Low (10%) | F21: Current (30%) | G21: High (40%)
C22: Pecentage of non-agri inbound green route trucks | E22: Low (90%) | F22: Current (70%) | G22: High (60%)
C23: Pecentage of non-agri inbound red route trucks | E23: Low (10%) | F23: Current (30%) | G23: High (40%)
C24: Pecentage of agri inbound red route trucks | E24: Low (10%) | F24: Current (30%) | G24: High (40%)
C25: Percentage of inbound trucks stop due to pre-bording status | E25: Low (10%) | F25: Current (20%) | G25: High (30%)
C26: Percentage of outbound trucks stop due to pre-bording status | E26: Low (10%) | F26: Current (20%) | G26: High (30%)

Sheet Output Indicator Design
A1: List of Output indicator
A2: S.No. | B2: Name of Indicator | C2: Discription of Indicator | D2: Amr Comments
A4: 1 | B4: TT_OB_NA | C4: Transportation time of outbound non-agri trucks going from IRL to GB
A5: 2 | B5: TT_IB_NA | C5: Transportation time of inbound non-agri trucks going from GB to IRL
A6: 3 | B6: TT_OB_A | C6: Transportation time of outbound agri trucks going from IRL to GB
A7: 4 | B7: TT_IB_A | C7: Transportation time of inbound agri trucks going from GB to IRL
B8: TT_OB_LB | C8: Transportation time of outbound All trucks going from IRL to EU (via landbridge)
B9: TT_IB_LB | C9: Transportation time of inbound All trucks going from EU to IRL (via landbridge)
C10: Transportation time of outbound All trucks going from IRL to EU (Direct via France)
C11: Transportation time of inbound All trucks going from EU to IRL (Direct via France)
A12: 5 | B12: NA_IB_WT | C12: Waiting time/Queue Length of inbound non-agri trucks at Dubli/Rosslare port
A13: 6 | B13: A_IB_WT | C13: Waiting time/Queue Length of inbound agri trucks at Dublin/Rosslare port
C14: Waiting time/Queue Length of inbound non-agri trucks at UK West port/Dover (5 Ports)
C15: Waiting time/Queue Length of inbound agri trucks at UK West port/Dover (5 Ports)
C16: Waiting time/Queue Length of inbound Transit trucks at France port (Calais for the landbridge)
A17: 7 | B17: Uti_Cus | C17: Utilisation of custom shed at Dublin/Rosslare Port (2 ports)
A18: 8 | B18: Uti_DAFM | C18: Utilisation of DAFM Bays at Dublin/Rosslare Port (2 ports)
B20: IRE - UK | C20: The focus on Agri-food in particular
B21: IRE - EU Landbridge
B22: EU - IRE Landbridge
B23: UK - IRE
B24: IRE - EU Direct
B25: EU - IRE Direct

Sheet NOLH Designs (2)
A1: low level | B1: 0.75 | C1: 0 | D1: 0 | E1: 0 | F1: 0 | G1: 0.6 | H1: 0.6 | I1: 0.6 | J1: 0.1 | K1: 0.1 | L1: 0.6 | M1: 0.1 | N1: 0.1 | O1: 0.1 | P1: 0.1 | Q1: 0.75 | R1: 0.75 | S1: 0.25 | T1: 0.25
A2: high level | B2: 1.25 | C2: 0.5 | D2: 0.5 | E2: 0.5 | F2: 0.5 | G2: 1.4 | H2: 1.4 | I2: 0.9 | J2: 0.4 | K2: 0.4 | L2: 0.9 | M2: 0.4 | N2: 0.4 | O2: 0.3 | P2: 0.3 | Q2: 1.25 | R2: 1.25 | S2: 1 | T2: 1
A3: decimals | B3: 2 | C3: 2 | D3: 2 | E3: 2 | F3: 2 | G3: 2 | H3: 2 | I3: 2 | J3: 2 | K3: 2 | L3: 2 | M3: 2 | N3: 2 | O3: 2 | P3: 2 | Q3: 2 | R3: 2 | S3: 2 | T3: 2
A4: factor name | B4: Shifts in Trade Volume | C4: Shift of demand of inbound non-agri products (from LB to Cherbourg route) | D4: Shift of demand of outbound non-agri products (from LB to Cherbourg route) | E4: Shift of demand of inbound agri products (from LB to Cherbourg route) | F4: Shift of demand of outbound agri products (from LB to Cherbourg route) | G4: Check timings for documentry and seal identity | H4: Check timings for physical | I4: Pecentage of non-agri outbound green route trucks | J4: Pecentage of non-agri outbound red route trucks | K4: Pecentage of agri outbound red route trucks | L4: Pecentage of non-agri inbound green route trucks | M4: Pecentage of non-agri inbound red route trucks | N4: Pecentage of agri inbound red route trucks | O4: Percentage of inbound trucks stop due to pre-bording status | P4: Percentage of outbound trucks stop due to pre-bording status | Q4: Number of Custom shed | R4: Number of DAFM Bays | S4: Vessel capacity from Dublin | T4: Vessel capacity from Rosslare
A5: 1 | B5: 0.87 | C5: 0.22 | D5: 0.2 | E5: 0.23 | F5: 0.17 | G5: 1.15 | H5: 1.05 | I5: 0.83 | J5: 0.27 | K5: 0.38 | L5: 0.83 | M5: 0.33 | N5: 0.28 | O5: 0.3 | P5: 0.29 | Q5: 1.06 | R5: 1.17 | S5: 0.65 | T5: 0.92 | V5: =1205760*C5 -> 265267.2
A6: 2 | B6: 1.2 | C6: 0.15 | D6: 0.21 | E6: 0.23 | F6: 0.05 | G6: 0.96 | H6: 0.94 | I6: 0.66 | J6: 0.24 | K6: 0.21 | L6: 0.88 | M6: 0.28 | N6: 0.29 | O6: 0.29 | P6: 0.25 | Q6: 1.15 | R6: 1.2 | S6: 0.68 | T6: 0.71
A7: 3 | B7: 0.97 | C7: 0.38 | D7: 0 | E7: 0.14 | F7: 0.21 | G7: 0.73 | H7: 1.2 | I7: 0.79 | J7: 0.28 | K7: 0.27 | L7: 0.74 | M7: 0.15 | N7: 0.25 | O7: 0.27 | P7: 0.3 | Q7: 1.07 | R7: 1.03 | S7: 0.36 | T7: 0.88
A8: 4 | B8: 1.1 | C8: 0.45 | D8: 0.15 | E8: 0.18 | F8: 0.22 | G8: 1.21 | H8: 0.66 | I8: 0.72 | J8: 0.18 | K8: 0.24 | L8: 0.72 | M8: 0.21 | N8: 0.2 | O8: 0.3 | P8: 0.23 | Q8: 1.23 | R8: 1.05 | S8: 0.52 | T8: 0.69
A9: 5 | B9: 0.75 | C9: 0.2 | D9: 0.28 | E9: 0.12 | F9: 0.05 | G9: 1.03 | H9: 0.89 | I9: 0.88 | J9: 0.4 | K9: 0.29 | L9: 0.63 | M9: 0.4 | N9: 0.36 | O9: 0.15 | P9: 0.19 | Q9: 0.97 | R9: 1.19 | S9: 0.75 | T9: 0.79
A10: 6 | B10: 1.1 | C10: 0.21 | D10: 0.35 | E10: 0 | F10: 0.2 | G10: 0.86 | H10: 1.07 | I10: 0.61 | J10: 0.18 | K10: 0.14 | L10: 0.65 | M10: 0.4 | N10: 0.29 | O10: 0.2 | P10: 0.16 | Q10: 0.92 | R10: 1.21 | S10: 0.91 | T10: 0.82
A11: 7 | B11: 0.95 | C11: 0.5 | D11: 0.38 | E11: 0.14 | F11: 0.08 | G11: 0.78 | H11: 0.79 | I11: 0.88 | J11: 0.39 | K11: 0.32 | L11: 0.81 | M11: 0.13 | N11: 0.1 | O11: 0.12 | P11: 0.19 | Q11: 0.91 | R11: 1.21 | S11: 0.51 | T11: 0.95
A12: 8 | B12: 1.04 | C12: 0.35 | D12: 0.45 | E12: 0.03 | F12: 0.17 | G12: 1.34 | H12: 1.29 | I12: 0.6 | J12: 0.19 | K12: 0.16 | L12: 0.75 | M12: 0.13 | N12: 0.15 | O12: 0.16 | P12: 0.17 | Q12: 0.96 | R12: 0.98 | S12: 0.32 | T12: 0.98
A13: 9 | B13: 0.76 | C13: 0.02 | D13: 0.13 | E13: 0.1 | F13: 0.1 | G13: 1.38 | H13: 1.18 | I13: 0.73 | J13: 0.32 | K13: 0.36 | L13: 0.82 | M13: 0.18 | N13: 0.28 | O13: 0.15 | P13: 0.29 | Q13: 1.15 | R13: 1.14 | S13: 0.98 | T13: 0.5
A14: 10 | B14: 1.24 | C14: 0.04 | D14: 0.11 | E14: 0.13 | F14: 0.06 | G14: 0.68 | H14: 0.76 | I14: 0.76 | J14: 0.16 | K14: 0.14 | L14: 0.75 | M14: 0.14 | N14: 0.31 | O14: 0.12 | P14: 0.28 | Q14: 0.98 | R14: 1.11 | S14: 0.77 | T14: 0.41
A15: 11 | B15: 0.77 | C15: 0.49 | D15: 0.24 | E15: 0.14 | F15: 0.16 | G15: 0.66 | H15: 1.22 | I15: 0.67 | J15: 0.29 | K15: 0.35 | L15: 0.65 | M15: 0.26 | N15: 0.18 | O15: 0.15 | P15: 0.25 | Q15: 1.22 | R15: 1.11 | S15: 0.41 | T15: 0.47
A16: 12 | B16: 1.21 | C16: 0.49 | D16: 0.13 | E16: 0.19 | F16: 0.07 | G16: 1.4 | H16: 1.01 | I16: 0.87 | J16: 0.18 | K16: 0.19 | L16: 0.67 | M16: 0.3 | N16: 0.18 | O16: 0.19 | P16: 0.27 | Q16: 1.02 | R16: 1.04 | S16: 0.4 | T16: 0.4
A17: 13 | B17: 0.99 | C17: 0.13 | D17: 0.48 | E17: 0.09 | F17: 0.2 | G17: 1.18 | H17: 0.64 | I17: 0.71 | J17: 0.3 | K17: 0.37 | L17: 0.6 | M17: 0.16 | N17: 0.37 | O17: 0.25 | P17: 0.16 | Q17: 0.8 | R17: 1.13 | S17: 0.87 | T17: 0.6
... A133: 129 | B133: 0.8 | C133: 0.22 | D133: 0.17 | E133: 0.07 | F133: 0.05 | G133: 0.94 | H133: 0.76 | I133: 0.73 | J133: 0.12 | K133: 0.18 | L133: 0.64 | M133: 0.25 | N133: 0.17 | O133: 0.15 | P133: 0.18 | Q133: 0.93 | R133: 0.98 | S133: 0.6 | T133: 0.47

Sheet Actual Values
B1: ProductVol between IR_UK | C1: ProductVol between IR_EU (via LB) | D1: ProductVol between IR_EU (via DR_Cherbourge)
A2: NA_Im | B2: VolAllPImGB | C2: VolAllPImEULB | D2: VolAllPImViaChe
B3: 6330240 | C3: 1205760 | D3: 223000
A4: NA_Ex | B4: VolAllPExGB | C4: VolAllPExEULB | D4: VolAllPExViaChe
B5: 5554080 | C5: 1057920 | D5: 258000
A6: A_Im | B6: VolAgriImGB | C6: VolAgriImEULB | D6: VolAgriImViaChe
B7: 2914350 | C7: 555114 | D7: 173605
A8: A_Ex | B8: VolAgriExGB | C8: VolAgriExEULB | D8: VolAgriExViaChe
B9: 2176803 | C9: 414629 | D9: 48975
A11: Check timings for documentry and seal identity | B11: Check timings for physical
A12: DocChkTimeAPImIR DocChkTimeAgriImIR DocChkTimeAPImGB-W DocChkTimeAgriImGB-W DocCheckTimeImGB-E DocCheckTimeImEU | B12: PhyChkTimeAPImIR PhyChkTimeAgriImIR PhyChkTimeAPImGB-W PhyChkTimeAgriImGB-W PhyCheckTimeImGB-E PhyCheckTimeImEU
A13: 30 | B13: 60
A15: Number of Custom shed Dublin | B15: Number of DAFM Bays Dublin | C15: Number of Custom shed Rosslare | D15: Number of DAFM Bays Rosslare
A16: NumCustomOfficerD | B16: NumDAFMOfficerD | C16: NumCustomOfficerR | D16: NumDAFMOfficerR
A17: 4 | B17: 33 | C17: 2 | D17: 15
A19: Vessel capacity from Dublin to Hey | B19: Vessel capacity from Dublin to Holy | C19: Vessel capacity from Dublin to Liv
A20: DToHeyVesselCap | B20: DToHolyVesselCap | C20: DToLivVesselCap
A21: 122 | B21: 209 | C21: 123
A23: Vessel capacity from Rosslare to Fish | B23: Vessel capacity from Rosslare to Pem
A24: RToFishVesselCap | B24: RToPemVesselCap
A25: 75 | B25: 122
A27: Pecentage of non-agri outbound green route trucks
A28: Pecentage of non-agri outbound red route trucks
A29: Pecentage of agri outbound red route trucks
A30: Pecentage of non-agri inbound green route trucks | B30: PerGreenTrucksAPImIR | C30: PerGreenTrucksAPImGB-W | D30: DocCheckTimeImGB-E/ PerGreenTrucksImEU
A31: Pecentage of non-agri inbound red route trucks | B31: PerPhyChkAPImIR | C31: PerPhyChkAPImGB-W | D31: PerPhyChkImGB-E/PerPhyChkImEU
A32: Pecentage of agri inbound red route trucks | B32: PerPhyChkAgriImIR | C32: PerPhyChkAgriImGB-W
A33: Percentage of inbound non-Agri trucks stop due to pre-bording status | B33: PerSecurityChkAPIR | C33: PerSecurityChkAPGB-W | D33: PerSecurityChkGB-E/PerSecurityChkEU
A34: Percentage of inbound Agri trucks stop due to pre-bording status | B34: PerSecurityChkAgriIR | C34: PerSecurityChkAgriGB-W

Sheet ExpValues Eq
B1: Shifts in Trade Volume | F1: Direct Route to Mainland Europe | W1: Customs Expertise & Resources | AC1: Borders Checks Intervention
A2: factor name | F2: Shift of demand of inbound non-agri products (from LB to Cherbourg route) | I2: Shift of demand of outbound non-agri products (from LB to Cherbourg route) | L2: Shift of demand of inbound agri products (from LB to Cherbourg route) | O2: Shift of demand of outbound agri products (from LB to Cherbourg route) | R2: Vessel capacity from Dublin to Hey | S2: Vessel capacity from Dublin to Holy | T2: Vessel capacity from Dublin to Liv | U2: Vessel capacity from Rosslare to Fish | V2: Vessel capacity from Rosslare to Pem | W2: Check timings for documentry and seal identity | X2: Check timings for physical | Y2: Number of Custom shed Dublin | Z2: Number of DAFM Bays Dublin | AA2: Number of Custom shed Rosslare | AB2: Number of DAFM Bays Rosslare | AC2: Pecentage of non-agri outbound green route trucks | AD2: Pecentage of non-agri outbound red route trucks | AE2: Pecentage of agri outbound red route trucks | AF2: Pecentage of non-agri inbound green route trucks | AG2: Pecentage of non-agri inbound red route trucks | AH2: Pecentage of agri inbound red route trucks | AI2: Percentage of inbound trucks stop due to pre-bording status | AJ2: Percentage of outbound trucks stop due to pre-bording status
B3: VolAllPImGB | C3: VolAllPExGB | D3: VolAgriImGB | E3: VolAgriExGB | F3: VolAllPImEULB | G3: NA_Im_LB | H3: NA_Im_DR | I3: VolAllPExEULB | J3: NA_Ex_LB | K3: NA_Ex_DR | L3: VolAgriImEULB | M3: A_Im_LB | N3: A_Im_DR | O3: VolAgriExEULB | P3: A_Ex_LB | Q3: A_Ex_DR
A4: 1 | B4: ='Actual Values'!$B$3*'NOLH Designs (2)'!B5 -> 5507308.8 | C4: ='Actual Values'!$B$5*'NOLH Designs (2)'!B5 -> 4832049.6 | D4: ='Actual Values'!$B$7*'NOLH Designs (2)'!B5 -> 2535484.5 | E4: ='Actual Values'!$B$9*'NOLH Designs (2)'!B5 -> 1893818.6 | F4: ='Actual Values'!$C$3*'NOLH Designs (2)'!C5 -> 265267.2 | G4: ='Actual Values'!$C$3-'ExpValues Eq'!F4 -> 940492.8 | H4: =F4+'Actual Values'!$D$3 -> 488267.2 | I4: ='Actual Values'!$C$5*'NOLH Designs (2)'!D5 -> 211584 | J4: ='Actual Values'!$C$5-'ExpValues Eq'!I4 -> 846336 | K4: =I4+'Actual Values'!$D$5 -> 469584 | L4: ='Actual Values'!$C$7*'NOLH Designs (2)'!E5 -> 127676.22 | M4: ='Actual Values'!$C$7-'ExpValues Eq'!L4 -> 427437.78 | N4: =L4+'Actual Values'!$D$7 -> 301281.22 | O4: ='Actual Values'!$C$9*'NOLH Designs (2)'!F5 -> 70486.93 | P4: ='Actual Values'!$C$9-'ExpValues Eq'!O4 -> 344142.07 | Q4: =O4+'Actual Values'!$D$9 -> 119461.93 | R4: ='Actual Values'!$A$21*'NOLH Designs (2)'!S5 -> 79.3 | S4: ='Actual Values'!$B$21*'NOLH Designs (2)'!S5 -> 135.85 | T4: ='Actual Values'!$C$21*'NOLH Designs (2)'!S5 -> 79.95 | U4: ='Actual Values'!$A$25*'NOLH Designs (2)'!T5 -> 69 | V4: ='Actual Values'!$B$25*'NOLH Designs (2)'!T5 -> 112.24 | W4: ='Actual Values'!$A$13*'NOLH Designs (2)'!G5 -> 34.5 | X4: ='Actual Values'!$B$13*'NOLH Designs (2)'!H5 -> 63 | Y4: ='Actual Values'!$A$17*'NOLH Designs (2)'!Q5 -> 4.24 | Z4: ='Actual Values'!$B$17*'NOLH Designs (2)'!R5 -> 38.61 | AA4: ='Actual Values'!$C$17*'NOLH Designs (2)'!Q5 -> 2.12 | AB4: ='Actual Values'!$D$17*'NOLH Designs (2)'!R5 -> 17.55 | AC4: 0.83 | AD4: 0.27 | AE4: 0.38 | AF4: 0.83 | AG4: 0.33 | AH4: 0.28 | AI4: 0.3 | AJ4: 0.29
A5: 2 | B5: ='Actual Values'!$B$3*'NOLH Designs (2)'!B6 -> 7596288 | C5: ='Actual Values'!$B$5*'NOLH Designs (2)'!B6 -> 6664896 | D5: ='Actual Values'!$B$7*'NOLH Designs (2)'!B6 -> 3497220 | E5: ='Actual Values'!$B$9*'NOLH Designs (2)'!B6 -> 2612163.6 | F5: ='Actual Values'!$C$3*'NOLH Designs (2)'!C6 -> 180864 | G5: ='Actual Values'!$C$3-'ExpValues Eq'!F5 -> 1024896 | H5: =F5+'Actual Values'!$D$3 -> 403864 | I5: ='Actual Values'!$C$5*'NOLH Designs (2)'!D6 -> 222163.2 | J5: ='Actual Values'!$C$5-'ExpValues Eq'!I5 -> 835756.8 | K5: =I5+'Actual Values'!$D$5 -> 480163.2 | L5: ='Actual Values'!$C$7*'NOLH Designs (2)'!E6 -> 127676.22 | M5: ='Actual Values'!$C$7-'ExpValues Eq'!L5 -> 427437.78 | N5: =L5+'Actual Values'!$D$7 -> 301281.22 | O5: ='Actual Values'!$C$9*'NOLH Designs (2)'!F6 -> 20731.45 | P5: ='Actual Values'!$C$9-'ExpValues Eq'!O5 -> 393897.55 | Q5: =O5+'Actual Values'!$D$9 -> 69706.45 | R5: ='Actual Values'!$A$21*'NOLH Designs (2)'!S6 -> 82.96 | S5: ='Actual Values'!$B$21*'NOLH Designs (2)'!S6 -> 142.12 | T5: ='Actual Values'!$C$21*'NOLH Designs (2)'!S6 -> 83.64 | U5: ='Actual Values'!$A$25*'NOLH Designs (2)'!T6 -> 53.25 | V5: ='Actual Values'!$B$25*'NOLH Designs (2)'!T6 -> 86.62 | W5: ='Actual Values'!$A$13*'NOLH Designs (2)'!G6 -> 28.8 | X5: ='Actual Values'!$B$13*'NOLH Designs (2)'!H6 -> 56.4 | Y5: ='Actual Values'!$A$17*'NOLH Designs (2)'!Q6 -> 4.6 | Z5: ='Actual Values'!$B$17*'NOLH Designs (2)'!R6 -> 39.6 | AA5: ='Actual Values'!$C$17*'NOLH Designs (2)'!Q6 -> 2.3 | AB5: ='Actual Values'!$D$17*'NOLH Designs (2)'!R6 -> 18 | AC5: 0.66 | AD5: 0.24 | AE5: 0.21 | AF5: 0.88 | AG5: 0.28 | AH5: 0.29 | AI5: 0.29 | AJ5: 0.25
A6: 3 | B6: ='Actual Values'!$B$3*'NOLH Designs (2)'!B7 -> 6140332.8 | C6: ='Actual Values'!$B$5*'NOLH Designs (2)'!B7 -> 5387457.6 | D6: ='Actual Values'!$B$7*'NOLH Designs (2)'!B7 -> 2826919.5 | E6: ='Actual Values'!$B$9*'NOLH Designs (2)'!B7 -> 2111498.9 | F6: ='Actual Values'!$C$3*'NOLH Designs (2)'!C7 -> 458188.8 | G6: ='Actual Values'!$C$3-'ExpValues Eq'!F6 -> 747571.2 | H6: =F6+'Actual Values'!$D$3 -> 681188.8 | I6: ='Actual Values'!$C$5*'NOLH Designs (2)'!D7 -> 0 | J6: ='Actual Values'!$C$5-'ExpValues Eq'!I6 -> 1057920 | K6: =I6+'Actual Values'!$D$5 -> 258000 | L6: ='Actual Values'!$C$7*'NOLH Designs (2)'!E7 -> 77715.96 | M6: ='Actual Values'!$C$7-'ExpValues Eq'!L6 -> 477398.04 | N6: =L6+'Actual Values'!$D$7 -> 251320.96 | O6: ='Actual Values'!$C$9*'NOLH Designs (2)'!F7 -> 87072.09 | P6: ='Actual Values'!$C$9-'ExpValues Eq'!O6 -> 327556.91 | Q6: =O6+'Actual Values'!$D$9 -> 136047.09 | R6: ='Actual Values'!$A$21*'NOLH Designs (2)'!S7 -> 43.92 | S6: ='Actual Values'!$B$21*'NOLH Designs (2)'!S7 -> 75.24 | T6: ='Actual Values'!$C$21*'NOLH Designs (2)'!S7 -> 44.28 | U6: ='Actual Values'!$A$25*'NOLH Designs (2)'!T7 -> 66 | V6: ='Actual Values'!$B$25*'NOLH Designs (2)'!T7 -> 107.36 | W6: ='Actual Values'!$A$13*'NOLH Designs (2)'!G7 -> 21.9 | X6: ='Actual Values'!$B$13*'NOLH Designs (2)'!H7 -> 72 | Y6: ='Actual Values'!$A$17*'NOLH Designs (2)'!Q7 -> 4.28 | Z6: ='Actual Values'!$B$17*'NOLH Designs (2)'!R7 -> 33.99 | AA6: ='Actual Values'!$C$17*'NOLH Designs (2)'!Q7 -> 2.14 | AB6: ='Actual Values'!$D$17*'NOLH Designs (2)'!R7 -> 15.45 | AC6: 0.79 | AD6: 0.28 | AE6: 0.27 | AF6: 0.74 | AG6: 0.15 | AH6: 0.25 | AI6: 0.27 | AJ6: 0.3
A7: 4 | B7: ='Actual Values'!$B$3*'NOLH Designs (2)'!B8 -> 6963264 | C7: ='Actual Values'!$B$5*'NOLH Designs (2)'!B8 -> 6109488 | D7: ='Actual Values'!$B$7*'NOLH Designs (2)'!B8 -> 3205785 | E7: ='Actual Values'!$B$9*'NOLH Designs (2)'!B8 -> 2394483.3 | F7: ='Actual Values'!$C$3*'NOLH Designs (2)'!C8 -> 542592 | G7: ='Actual Values'!$C$3-'ExpValues Eq'!F7 -> 663168 | H7: =F7+'Actual Values'!$D$3 -> 765592 | I7: ='Actual Values'!$C$5*'NOLH Designs (2)'!D8 -> 158688 | J7: ='Actual Values'!$C$5-'ExpValues Eq'!I7 -> 899232 | K7: =I7+'Actual Values'!$D$5 -> 416688 | L7: ='Actual Values'!$C$7*'NOLH Designs (2)'!E8 -> 99920.52 | M7: ='Actual Values'!$C$7-'ExpValues Eq'!L7 -> 455193.48 | N7: =L7+'Actual Values'!$D$7 -> 273525.52 | O7: ='Actual Values'!$C$9*'NOLH Designs (2)'!F8 -> 91218.38 | P7: ='Actual Values'!$C$9-'ExpValues Eq'!O7 -> 323410.62 | Q7: =O7+'Actual Values'!$D$9 -> 140193.38 | R7: ='Actual Values'!$A$21*'NOLH Designs (2)'!S8 -> 63.44 | S7: ='Actual Values'!$B$21*'NOLH Designs (2)'!S8 -> 108.68 | T7: ='Actual Values'!$C$21*'NOLH Designs (2)'!S8 -> 63.96 | U7: ='Actual Values'!$A$25*'NOLH Designs (2)'!T8 -> 51.75 | V7: ='Actual Values'!$B$25*'NOLH Designs (2)'!T8 -> 84.18 | W7: ='Actual Values'!$A$13*'NOLH Designs (2)'!G8 -> 36.3 | X7: ='Actual Values'!$B$13*'NOLH Designs (2)'!H8 -> 39.6 | Y7: ='Actual Values'!$A$17*'NOLH Designs (2)'!Q8 -> 4.92 | Z7: ='Actual Values'!$B$17*'NOLH Designs (2)'!R8 -> 34.65 | AA7: ='Actual Values'!$C$17*'NOLH Designs (2)'!Q8 -> 2.46 | AB7: ='Actual Values'!$D$17*'NOLH Designs (2)'!R8 -> 15.75 | AC7: 0.72 | AD7: 0.18 | AE7: 0.24 | AF7: 0.72 | AG7: 0.21 | AH7: 0.2 | AI7: 0.3 | AJ7: 0.23
A8: 5 | B8: ='Actual Values'!$B$3*'NOLH Designs (2)'!B9 -> 4747680 | C8: ='Actual Values'!$B$5*'NOLH Designs (2)'!B9 -> 4165560 | D8: ='Actual Values'!$B$7*'NOLH Designs (2)'!B9 -> 2185762.5 | E8: ='Actual Values'!$B$9*'NOLH Designs (2)'!B9 -> 1632602.2 | F8: ='Actual Values'!$C$3*'NOLH Designs (2)'!C9 -> 241152 | G8: ='Actual Values'!$C$3-'ExpValues Eq'!F8 -> 964608 | H8: =F8+'Actual Values'!$D$3 -> 464152 | I8: ='Actual Values'!$C$5*'NOLH Designs (2)'!D9 -> 296217.6 | J8: ='Actual Values'!$C$5-'ExpValues Eq'!I8 -> 761702.4 | K8: =I8+'Actual Values'!$D$5 -> 554217.6 | L8: ='Actual Values'!$C$7*'NOLH Designs (2)'!E9 -> 66613.68 | M8: ='Actual Values'!$C$7-'ExpValues Eq'!L8 -> 488500.32 | N8: =L8+'Actual Values'!$D$7 -> 240218.68 | O8: ='Actual Values'!$C$9*'NOLH Designs (2)'!F9 -> 20731.45 | P8: ='Actual Values'!$C$9-'ExpValues Eq'!O8 -> 393897.55 | Q8: =O8+'Actual Values'!$D$9 -> 69706.45 | R8: ='Actual Values'!$A$21*'NOLH Designs (2)'!S9 -> 91.5 | S8: ='Actual Values'!$B$21*'NOLH Designs (2)'!S9 -> 156.75 | T8: ='Actual Values'!$C$21*'NOLH Designs (2)'!S9 -> 92.25 | U8: ='Actual Values'!$A$25*'NOLH Designs (2)'!T9 -> 59.25 | V8: ='Actual Values'!$B$25*'NOLH Designs (2)'!T9 -> 96.38 | W8: ='Actual Values'!$A$13*'NOLH Designs (2)'!G9 -> 30.9 | X8: ='Actual Values'!$B$13*'NOLH Designs (2)'!H9 -> 53.4 | Y8: ='Actual Values'!$A$17*'NOLH Designs (2)'!Q9 -> 3.88 | Z8: ='Actual Values'!$B$17*'NOLH Designs (2)'!R9 -> 39.27 | AA8: ='Actual Values'!$C$17*'NOLH Designs (2)'!Q9 -> 1.94 | AB8: ='Actual Values'!$D$17*'NOLH Designs (2)'!R9 -> 17.85 | AC8: 0.88 | AD8: 0.4 | AE8: 0.29 | AF8: 0.63 | AG8: 0.4 | AH8: 0.36 | AI8: 0.15 | AJ8: 0.19
A9: 6 | B9: ='Actual Values'!$B$3*'NOLH Designs (2)'!B10 -> 6963264 | C9: ='Actual Values'!$B$5*'NOLH Designs (2)'!B10 -> 6109488 | D9: ='Actual Values'!$B$7*'NOLH Designs (2)'!B10 -> 3205785 | E9: ='Actual Values'!$B$9*'NOLH Designs (2)'!B10 -> 2394483.3 | F9: ='Actual Values'!$C$3*'NOLH Designs (2)'!C10 -> 253209.6 | G9: ='Actual Values'!$C$3-'ExpValues Eq'!F9 -> 952550.4 | H9: =F9+'Actual Values'!$D$3 -> 476209.6 | I9: ='Actual Values'!$C$5*'NOLH Designs (2)'!D10 -> 370272 | J9: ='Actual Values'!$C$5-'ExpValues Eq'!I9 -> 687648 | K9: =I9+'Actual Values'!$D$5 -> 628272 | L9: ='Actual Values'!$C$7*'NOLH Designs (2)'!E10 -> 0 | M9: ='Actual Values'!$C$7-'ExpValues Eq'!L9 -> 555114 | N9: =L9+'Actual Values'!$D$7 -> 173605 | O9: ='Actual Values'!$C$9*'NOLH Designs (2)'!F10 -> 82925.8 | P9: ='Actual Values'!$C$9-'ExpValues Eq'!O9 -> 331703.2 | Q9: =O9+'Actual Values'!$D$9 -> 131900.8 | R9: ='Actual Values'!$A$21*'NOLH Designs (2)'!S10 -> 111.02 | S9: ='Actual Values'!$B$21*'NOLH Designs (2)'!S10 -> 190.19 | T9: ='Actual Values'!$C$21*'NOLH Designs (2)'!S10 -> 111.93 | U9: ='Actual Values'!$A$25*'NOLH Designs (2)'!T10 -> 61.5 | V9: ='Actual Values'!$B$25*'NOLH Designs (2)'!T10 -> 100.04 | W9: ='Actual Values'!$A$13*'NOLH Designs (2)'!G10 -> 25.8 | X9: ='Actual Values'!$B$13*'NOLH Designs (2)'!H10 -> 64.2 | Y9: ='Actual Values'!$A$17*'NOLH Designs (2)'!Q10 -> 3.68 | Z9: ='Actual Values'!$B$17*'NOLH Designs (2)'!R10 -> 39.93 | AA9: ='Actual Values'!$C$17*'NOLH Designs (2)'!Q10 -> 1.84 | AB9: ='Actual Values'!$D$17*'NOLH Designs (2)'!R10 -> 18.15 | AC9: 0.61 | AD9: 0.18 | AE9: 0.14 | AF9: 0.65 | AG9: 0.4 | AH9: 0.29 | AI9: 0.2 | AJ9: 0.16
A10: 7 | B10: ='Actual Values'!$B$3*'NOLH Designs (2)'!B11 -> 6013728 | C10: ='Actual Values'!$B$5*'NOLH Designs (2)'!B11 -> 5276376 | D10: ='Actual Values'!$B$7*'NOLH Designs (2)'!B11 -> 2768632.5 | E10: ='Actual Values'!$B$9*'NOLH Designs (2)'!B11 -> 2067962.8 | F10: ='Actual Values'!$C$3*'NOLH Designs (2)'!C11 -> 602880 | G10: ='Actual Values'!$C$3-'ExpValues Eq'!F10 -> 602880 | H10: =F10+'Actual Values'!$D$3 -> 825880 | I10: ='Actual Values'!$C$5*'NOLH Designs (2)'!D11 -> 402009.6 | J10: ='Actual Values'!$C$5-'ExpValues Eq'!I10 -> 655910.4 | K10: =I10+'Actual Values'!$D$5 -> 660009.6 | L10: ='Actual Values'!$C$7*'NOLH Designs (2)'!E11 -> 77715.96 | M10: ='Actual Values'!$C$7-'ExpValues Eq'!L10 -> 477398.04 | N10: =L10+'Actual Values'!$D$7 -> 251320.96 | O10: ='Actual Values'!$C$9*'NOLH Designs (2)'!F11 -> 33170.32 | P10: ='Actual Values'!$C$9-'ExpValues Eq'!O10 -> 381458.68 | Q10: =O10+'Actual Values'!$D$9 -> 82145.32 | R10: ='Actual Values'!$A$21*'NOLH Designs (2)'!S11 -> 62.22 | S10: ='Actual Values'!$B$21*'NOLH Designs (2)'!S11 -> 106.59 | T10: ='Actual Values'!$C$21*'NOLH Designs (2)'!S11 -> 62.73 | U10: ='Actual Values'!$A$25*'NOLH Designs (2)'!T11 -> 71.25 | V10: ='Actual Values'!$B$25*'NOLH Designs (2)'!T11 -> 115.9 | W10: ='Actual Values'!$A$13*'NOLH Designs (2)'!G11 -> 23.4 | X10: ='Actual Values'!$B$13*'NOLH Designs (2)'!H11 -> 47.4 | Y10: ='Actual Values'!$A$17*'NOLH Designs (2)'!Q11 -> 3.64 | Z10: ='Actual Values'!$B$17*'NOLH Designs (2)'!R11 -> 39.93 | AA10: ='Actual Values'!$C$17*'NOLH Designs (2)'!Q11 -> 1.82 | AB10: ='Actual Values'!$D$17*'NOLH Designs (2)'!R11 -> 18.15 | AC10: 0.88 | AD10: 0.39 | AE10: 0.32 | AF10: 0.81 | AG10: 0.13 | AH10: 0.1 | AI10: 0.12 | AJ10: 0.19
A11: 8 | B11: ='Actual Values'!$B$3*'NOLH Designs (2)'!B12 -> 6583449.6 | C11: ='Actual Values'!$B$5*'NOLH Designs (2)'!B12 -> 5776243.2 | D11: ='Actual Values'!$B$7*'NOLH Designs (2)'!B12 -> 3030924 | E11: ='Actual Values'!$B$9*'NOLH Designs (2)'!B12 -> 2263875.1 | F11: ='Actual Values'!$C$3*'NOLH Designs (2)'!C12 -> 422016 | G11: ='Actual Values'!$C$3-'ExpValues Eq'!F11 -> 783744 | H11: =F11+'Actual Values'!$D$3 -> 645016 | I11: ='Actual Values'!$C$5*'NOLH Designs (2)'!D12 -> 476064 | J11: ='Actual Values'!$C$5-'ExpValues Eq'!I11 -> 581856 | K11: =I11+'Actual Values'!$D$5 -> 734064 | L11: ='Actual Values'!$C$7*'NOLH Designs (2)'!E12 -> 16653.42 | M11: ='Actual Values'!$C$7-'ExpValues Eq'!L11 -> 538460.58 | N11: =L11+'Actual Values'!$D$7 -> 190258.42 | O11: ='Actual Values'!$C$9*'NOLH Designs (2)'!F12 -> 70486.93 | P11: ='Actual Values'!$C$9-'ExpValues Eq'!O11 -> 344142.07 | Q11: =O11+'Actual Values'!$D$9 -> 119461.93 | R11: ='Actual Values'!$A$21*'NOLH Designs (2)'!S12 -> 39.04 | S11: ='Actual Values'!$B$21*'NOLH Designs (2)'!S12 -> 66.88 | T11: ='Actual Values'!$C$21*'NOLH Designs (2)'!S12 -> 39.36 | U11: ='Actual Values'!$A$25*'NOLH Designs (2)'!T12 -> 73.5 | V11: ='Actual Values'!$B$25*'NOLH Designs (2)'!T12 -> 119.56 | W11: ='Actual Values'!$A$13*'NOLH Designs (2)'!G12 -> 40.2 | X11: ='Actual Values'!$B$13*'NOLH Designs (2)'!H12 -> 77.4 | Y11: ='Actual Values'!$A$17*'NOLH Designs (2)'!Q12 -> 3.84 | Z11: ='Actual Values'!$B$17*'NOLH Designs (2)'!R12 -> 32.34 | AA11: ='Actual Values'!$C$17*'NOLH Designs (2)'!Q12 -> 1.92 | AB11: ='Actual Values'!$D$17*'NOLH Designs (2)'!R12 -> 14.7 | AC11: 0.6 | AD11: 0.19 | AE11: 0.16 | AF11: 0.75 | AG11: 0.13 | AH11: 0.15 | AI11: 0.16 | AJ11: 0.17
A12: 9 | B12: ='Actual Values'!$B$3*'NOLH Designs (2)'!B13 -> 4810982.4 | C12: ='Actual Values'!$B$5*'NOLH Designs (2)'!B13 -> 4221100.8 | D12: ='Actual Values'!$B$7*'NOLH Designs (2)'!B13 -> 2214906 | E12: ='Actual Values'!$B$9*'NOLH Designs (2)'!B13 -> 1654370.3 | F12: ='Actual Values'!$C$3*'NOLH Designs (2)'!C13 -> 24115.2 | G12: ='Actual Values'!$C$3-'ExpValues Eq'!F12 -> 1181644.8 | H12: =F12+'Actual Values'!$D$3 -> 247115.2 | I12: ='Actual Values'!$C$5*'NOLH Designs (2)'!D13 -> 137529.6 | J12: ='Actual Values'!$C$5-'ExpValues Eq'!I12 -> 920390.4 | K12: =I12+'Actual Values'!$D$5 -> 395529.6 | L12: ='Actual Values'!$C$7*'NOLH Designs (2)'!E13 -> 55511.4 | M12: ='Actual Values'!$C$7-'ExpValues Eq'!L12 -> 499602.6 | N12: =L12+'Actual Values'!$D$7 -> 229116.4 | O12: ='Actual Values'!$C$9*'NOLH Designs (2)'!F13 -> 41462.9 | P12: ='Actual Values'!$C$9-'ExpValues Eq'!O12 -> 373166.1 | Q12: =O12+'Actual Values'!$D$9 -> 90437.9 | R12: ='Actual Values'!$A$21*'NOLH Designs (2)'!S13 -> 119.56 | S12: ='Actual Values'!$B$21*'NOLH Designs (2)'!S13 -> 204.82 | T12: ='Actual Values'!$C$21*'NOLH Designs (2)'!S13 -> 120.54 | U12: ='Actual Values'!$A$25*'NOLH Designs (2)'!T13 -> 37.5 | V12: ='Actual Values'!$B$25*'NOLH Designs (2)'!T13 -> 61 | W12: ='Actual Values'!$A$13*'NOLH Designs (2)'!G13 -> 41.4 | X12: ='Actual Values'!$B$13*'NOLH Designs (2)'!H13 -> 70.8 | Y12: ='Actual Values'!$A$17*'NOLH Designs (2)'!Q13 -> 4.6 | Z12: ='Actual Values'!$B$17*'NOLH Designs (2)'!R13 -> 37.62 | AA12: ='Actual Values'!$C$17*'NOLH Designs (2)'!Q13 -> 2.3 | AB12: ='Actual Values'!$D$17*'NOLH Designs (2)'!R13 -> 17.1 | AC12: 0.73 | AD12: 0.32 | AE12: 0.36 | AF12: 0.82 | AG12: 0.18 | AH12: 0.28 | AI12: 0.15 | AJ12: 0.29
A13: 10 | B13: ='Actual Values'!$B$3*'NOLH Designs (2)'!B14 -> 7849497.6 | C13: ='Actual Values'!$B$5*'NOLH Designs (2)'!B14 -> 6887059.2 | D13: ='Actual Values'!$B$7*'NOLH Designs (2)'!B14 -> 3613794 | E13: ='Actual Values'!$B$9*'NOLH Designs (2)'!B14 -> 2699235.7 | F13: ='Actual Values'!$C$3*'NOLH Designs (2)'!C14 -> 48230.4 | G13: ='Actual Values'!$C$3-'ExpValues Eq'!F13 -> 1157529.6 | H13: =F13+'Actual Values'!$D$3 -> 271230.4 | I13: ='Actual Values'!$C$5*'NOLH Designs (2)'!D14 -> 116371.2 | J13: ='Actual Values'!$C$5-'ExpValues Eq'!I13 -> 941548.8 | K13: =I13+'Actual Values'!$D$5 -> 374371.2 | L13: ='Actual Values'!$C$7*'NOLH Designs (2)'!E14 -> 72164.82 | M13: ='Actual Values'!$C$7-'ExpValues Eq'!L13 -> 482949.18 | N13: =L13+'Actual Values'!$D$7 -> 245769.82 | O13: ='Actual Values'!$C$9*'NOLH Designs (2)'!F14 -> 24877.74 | P13: ='Actual Values'!$C$9-'ExpValues Eq'!O13 -> 389751.26 | Q13: =O13+'Actual Values'!$D$9 -> 73852.74 | R13: ='Actual Values'!$A$21*'NOLH Designs (2)'!S14 -> 93.94 | S13: ='Actual Values'!$B$21*'NOLH Designs (2)'!S14 -> 160.93 | T13: ='Actual Values'!$C$21*'NOLH Designs (2)'!S14 -> 94.71 | U13: ='Actual Values'!$A$25*'NOLH Designs (2)'!T14 -> 30.75 | V13: ='Actual Values'!$B$25*'NOLH Designs (2)'!T14 -> 50.02 | W13: ='Actual Values'!$A$13*'NOLH Designs (2)'!G14 -> 20.4 | X13: ='Actual Values'!$B$13*'NOLH Designs (2)'!H14 -> 45.6 | Y13: ='Actual Values'!$A$17*'NOLH Designs (2)'!Q14 -> 3.92 | Z13: ='Actual Values'!$B$17*'NOLH Designs (2)'!R14 -> 36.63 | AA13: ='Actual Values'!$C$17*'NOLH Designs (2)'!Q14 -> 1.96 | AB13: ='Actual Values'!$D$17*'NOLH Designs (2)'!R14 -> 16.65 | AC13: 0.76 | AD13: 0.16 | AE13: 0.14 | AF13: 0.75 | AG13: 0.14 | AH13: 0.31 | AI13: 0.12 | AJ13: 0.28
A14: 11 | B14: ='Actual Values'!$B$3*'NOLH Designs (2)'!B15 -> 4874284.8 | C14: ='Actual Values'!$B$5*'NOLH Designs (2)'!B15 -> 4276641.6 | D14: ='Actual Values'!$B$7*'NOLH Designs (2)'!B15 -> 2244049.5 | E14: ='Actual Values'!$B$9*'NOLH Designs (2)'!B15 -> 1676138.3 | F14: ='Actual Values'!$C$3*'NOLH Designs (2)'!C15 -> 590822.4 | G14: ='Actual Values'!$C$3-'ExpValues Eq'!F14 -> 614937.6 | H14: =F14+'Actual Values'!$D$3 -> 813822.4 | I14: ='Actual Values'!$C$5*'NOLH Designs (2)'!D15 -> 253900.8 | J14: ='Actual Values'!$C$5-'ExpValues Eq'!I14 -> 804019.2 | K14: =I14+'Actual Values'!$D$5 -> 511900.8 | L14: ='Actual Values'!$C$7*'NOLH Designs (2)'!E15 -> 77715.96 | M14: ='Actual Values'!$C$7-'ExpValues Eq'!L14 -> 477398.04 | N14: =L14+'Actual Values'!$D$7 -> 251320.96 | O14: ='Actual Values'!$C$9*'NOLH Designs (2)'!F15 -> 66340.64 | P14: ='Actual Values'!$C$9-'ExpValues Eq'!O14 -> 348288.36 | Q14: =O14+'Actual Values'!$D$9 -> 115315.64 | R14: ='Actual Values'!$A$21*'NOLH Designs (2)'!S15 -> 50.02 | S14: ='Actual Values'!$B$21*'NOLH Designs (2)'!S15 -> 85.69 | T14: ='Actual Values'!$C$21*'NOLH Designs (2)'!S15 -> 50.43 | U14: ='Actual Values'!$A$25*'NOLH Designs (2)'!T15 -> 35.25 | V14: ='Actual Values'!$B$25*'NOLH Designs (2)'!T15 -> 57.34 | W14: ='Actual Values'!$A$13*'NOLH Designs (2)'!G15 -> 19.8 | X14: ='Actual Values'!$B$13*'NOLH Designs (2)'!H15 -> 73.2 | Y14: ='Actual Values'!$A$17*'NOLH Designs (2)'!Q15 -> 4.88 | Z14: ='Actual Values'!$B$17*'NOLH Designs (2)'!R15 -> 36.63 | AA14: ='Actual Values'!$C$17*'NOLH Designs (2)'!Q15 -> 2.44 | AB14: ='Actual Values'!$D$17*'NOLH Designs (2)'!R15 -> 16.65 | AC14: 0.67 | AD14: 0.29 | AE14: 0.35 | AF14: 0.65 | AG14: 0.26 | AH14: 0.18 | AI14: 0.15 | AJ14: 0.25
A15: 12 | B15: ='Actual Values'!$B$3*'NOLH Designs (2)'!B16 -> 7659590.4 | C15: ='Actual Values'!$B$5*'NOLH Designs (2)'!B16 -> 6720436.8 | D15: ='Actual Values'!$B$7*'NOLH Designs (2)'!B16 -> 3526363.5 | E15: ='Actual Values'!$B$9*'NOLH Designs (2)'!B16 -> 2633931.6 | F15: ='Actual Values'!$C$3*'NOLH Designs (2)'!C16 -> 590822.4 | G15: ='Actual Values'!$C$3-'ExpValues Eq'!F15 -> 614937.6 | H15: =F15+'Actual Values'!$D$3 -> 813822.4 | I15: ='Actual Values'!$C$5*'NOLH Designs (2)'!D16 -> 137529.6 | J15: ='Actual Values'!$C$5-'ExpValues Eq'!I15 -> 920390.4 | K15: =I15+'Actual Values'!$D$5 -> 395529.6 | L15: ='Actual Values'!$C$7*'NOLH Designs (2)'!E16 -> 105471.66 | M15: ='Actual Values'!$C$7-'ExpValues Eq'!L15 -> 449642.34 | N15: =L15+'Actual Values'!$D$7 -> 279076.66 | O15: ='Actual Values'!$C$9*'NOLH Designs (2)'!F16 -> 29024.03 | P15: ='Actual Values'!$C$9-'ExpValues Eq'!O15 -> 385604.97 | Q15: =O15+'Actual Values'!$D$9 -> 77999.03 | R15: ='Actual Values'!$A$21*'NOLH Designs (2)'!S16 -> 48.8 | S15: ='Actual Values'!$B$21*'NOLH Designs (2)'!S16 -> 83.6 | T15: ='Actual Values'!$C$21*'NOLH Designs (2)'!S16 -> 49.2 | U15: ='Actual Values'!$A$25*'NOLH Designs (2)'!T16 -> 30 | V15: ='Actual Values'!$B$25*'NOLH Designs (2)'!T16 -> 48.8 | W15: ='Actual Values'!$A$13*'NOLH Designs (2)'!G16 -> 42 | X15: ='Actual Values'!$B$13*'NOLH Designs (2)'!H16 -> 60.6 | Y15: ='Actual Values'!$A$17*'NOLH Designs (2)'!Q16 -> 4.08 | Z15: ='Actual Values'!$B$17*'NOLH Designs (2)'!R16 -> 34.32 | AA15: ='Actual Values'!$C$17*'NOLH Designs (2)'!Q16 -> 2.04 | AB15: ='Actual Values'!$D$17*'NOLH Designs (2)'!R16 -> 15.6 | AC15: 0.87 | AD15: 0.18 | AE15: 0.19 | AF15: 0.67 | AG15: 0.3 | AH15: 0.18 | AI15: 0.19 | AJ15: 0.27
... A132: 129 | B132: ='Actual Values'!$B$3*'NOLH Designs (2)'!B133 -> 5064192 | C132: ='Actual Values'!$B$5*'NOLH Designs (2)'!B133 -> 4443264 | D132: ='Actual Values'!$B$7*'NOLH Designs (2)'!B133 -> 2331480 | E132: ='Actual Values'!$B$9*'NOLH Designs (2)'!B133 -> 1741442.4 | F132: ='Actual Values'!$C$3*'NOLH Designs (2)'!C133 -> 265267.2 | G132: ='Actual Values'!$C$3-'ExpValues Eq'!F132 -> 940492.8 | H132: =F132+'Actual Values'!$D$3 -> 488267.2 | I132: ='Actual Values'!$C$5*'NOLH Designs (2)'!D133 -> 179846.4 | J132: ='Actual Values'!$C$5-'ExpValues Eq'!I132 -> 878073.6 | K132: =I132+'Actual Values'!$D$5 -> 437846.4 | L132: ='Actual Values'!$C$7*'NOLH Designs (2)'!E133 -> 38857.98 | M132: ='Actual Values'!$C$7-'ExpValues Eq'!L132 -> 516256.02 | N132: =L132+'Actual Values'!$D$7 -> 212462.98 | O132: ='Actual Values'!$C$9*'NOLH Designs (2)'!F133 -> 20731.45 | P132: ='Actual Values'!$C$9-'ExpValues Eq'!O132 -> 393897.55 | Q132: =O132+'Actual Values'!$D$9 -> 69706.45 | R132: ='Actual Values'!$A$21*'NOLH Designs (2)'!S133 -> 73.2 | S132: ='Actual Values'!$B$21*'NOLH Designs (2)'!S133 -> 125.4 | T132: ='Actual Values'!$C$21*'NOLH Designs (2)'!S133 -> 73.8 | U132: ='Actual Values'!$A$25*'NOLH Designs (2)'!T133 -> 35.25 | V132: ='Actual Values'!$B$25*'NOLH Designs (2)'!T133 -> 57.34 | W132: ='Actual Values'!$A$13*'NOLH Designs (2)'!G133 -> 28.2 | X132: ='Actual Values'!$B$13*'NOLH Designs (2)'!H133 -> 45.6 | Y132: ='Actual Values'!$A$17*'NOLH Designs (2)'!Q133 -> 3.72 | Z132: ='Actual Values'!$B$17*'NOLH Designs (2)'!R133 -> 32.34 | AA132: ='Actual Values'!$C$17*'NOLH Designs (2)'!Q133 -> 1.86 | AB132: ='Actual Values'!$D$17*'NOLH Designs (2)'!R133 -> 14.7 | AC132: 0.73 | AD132: 0.12 | AE132: 0.18 | AF132: 0.64 | AG132: 0.25 | AH132: 0.17 | AI132: 0.15 | AJ132: 0.18

Sheet ExpValues
A1: factor name | B1: Shifts in Trade Volume | F1: Direct Route to Mainland Europe | W1: Customs Expertise & Resources | AC1: Borders Checks Intervention
F2: Shift of demand of inbound non-agri products (from LB to Cherbourg route) | I2: Shift of demand of outbound non-agri products (from LB to Cherbourg route) | L2: Shift of demand of inbound agri products (from LB to Cherbourg route) | O2: Shift of demand of outbound agri products (from LB to Cherbourg route) | R2: Vessel capacity from Dublin to Hey | S2: Vessel capacity from Dublin to Holy | T2: Vessel capacity from Dublin to Liv | U2: Vessel capacity from Rosslare to Fish | V2: Vessel capacity from Rosslare to Pem | W2: Check timings for documentry and seal identity | X2: Check timings for physical | Y2: Number of Custom shed Dublin | Z2: Number of DAFM Bays Dublin | AA2: Number of Custom shed Rosslare | AB2: Number of DAFM Bays Rosslare | AC2: Pecentage of non-agri outbound green route trucks | AD2: Pecentage of non-agri outbound red route trucks | AE2: Pecentage of agri outbound red route trucks | AF2: Pecentage of non-agri inbound green route trucks | AG2: Pecentage of non-agri inbound red route trucks | AH2: Pecentage of agri inbound red route trucks | AI2: Percentage of inbound trucks stop due to pre-bording status | AJ2: Percentage of outbound trucks stop due to pre-bording status
B3: NA_Im | C3: NA_Ex | D3: A_Im | E3: A_Ex | F3: Shift _Vol | G3: NA_Im_LB | H3: NA_Im_DR | I3: Shift _Vol | J3: NA_Ex_LB | K3: NA_Ex_DR | L3: Shift _Vol | M3: A_Im_LB | N3: A_Im_DR | O3: Shift _Vol | P3: A_Ex_LB | Q3: A_Ex_DR
A4: 1 | B4: 5507308.8 | C4: 4832049.6 | D4: 2535484.5 | E4: 1893818.6 | F4: 265267.2 | G4: 940492.8 | H4: 488267.2 | I4: 211584 | J4: 846336 | K4: 469584 | L4: 127676.22 | M4: 427437.78 | N4: 301281.22 | O4: 70486.93 | P4: 344142.07 | Q4: 119461.93 | R4: 79.3 | S4: 135.85 | T4: 79.95 | U4: 69 | V4: 112.24 | W4: 34.5 | X4: 63 | Y4: 4.24 | Z4: 38.61 | AA4: 2.12 | AB4: 17.55 | AC4: 0.83 | AD4: 0.27 | AE4: 0.38 | AF4: 0.83 | AG4: 0.33 | AH4: 0.28 | AI4: 0.3 | AJ4: 0.29
A5: 2 | B5: 7596288 | C5: 6664896 | D5: 3497220 | E5: 2612163.6 | F5: 180864 | G5: 1024896 | H5: 403864 | I5: 222163.2 | J5: 835756.8 | K5: 480163.2 | L5: 127676.22 | M5: 427437.78 | N5: 301281.22 | O5: 20731.45 | P5: 393897.55 | Q5: 69706.45 | R5: 82.96 | S5: 142.12 | T5: 83.64 | U5: 53.25 | V5: 86.62 | W5: 28.8 | X5: 56.4 | Y5: 4.6 | Z5: 39.6 | AA5: 2.3 | AB5: 18 | AC5: 0.66 | AD5: 0.24 | AE5: 0.21 | AF5: 0.88 | AG5: 0.28 | AH5: 0.29 | AI5: 0.29 | AJ5: 0.25
A6: 3 | B6: 6140332.8 | C6: 5387457.6 | D6: 2826919.5 | E6: 2111498.9 | F6: 458188.8 | G6: 747571.2 | H6: 681188.8 | I6: 0 | J6: 1057920 | K6: 258000 | L6: 77715.96 | M6: 477398.04 | N6: 251320.96 | O6: 87072.09 | P6: 327556.91 | Q6: 136047.09 | R6: 43.92 | S6: 75.24 | T6: 44.28 | U6: 66 | V6: 107.36 | W6: 21.9 | X6: 72 | Y6: 4.28 | Z6: 33.99 | AA6: 2.14 | AB6: 15.45 | AC6: 0.79 | AD6: 0.28 | AE6: 0.27 | AF6: 0.74 | AG6: 0.15 | AH6: 0.25 | AI6: 0.27 | AJ6: 0.3
A7: 4 | B7: 6963264 | C7: 6109488 | D7: 3205785 | E7: 2394483.3 | F7: 542592 | G7: 663168 | H7: 765592 | I7: 158688 | J7: 899232 | K7: 416688 | L7: 99920.52 | M7: 455193.48 | N7: 273525.52 | O7: 91218.38 | P7: 323410.62 | Q7: 140193.38 | R7: 63.44 | S7: 108.68 | T7: 63.96 | U7: 51.75 | V7: 84.18 | W7: 36.3 | X7: 39.6 | Y7: 4.92 | Z7: 34.65 | AA7: 2.46 | AB7: 15.75 | AC7: 0.72 | AD7: 0.18 | AE7: 0.24 | AF7: 0.72 | AG7: 0.21 | AH7: 0.2 | AI7: 0.3 | AJ7: 0.23
A8: 5 | B8: 4747680 | C8: 4165560 | D8: 2185762.5 | E8: 1632602.2 | F8: 241152 | G8: 964608 | H8: 464152 | I8: 296217.6 | J8: 761702.4 | K8: 554217.6 | L8: 66613.68 | M8: 488500.32 | N8: 240218.68 | O8: 20731.45 | P8: 393897.55 | Q8: 69706.45 | R8: 91.5 | S8: 156.75 | T8: 92.25 | U8: 59.25 | V8: 96.38 | W8: 30.9 | X8: 53.4 | Y8: 3.88 | Z8: 39.27 | AA8: 1.94 | AB8: 17.85 | AC8: 0.88 | AD8: 0.4 | AE8: 0.29 | AF8: 0.63 | AG8: 0.4 | AH8: 0.36 | AI8: 0.15 | AJ8: 0.19
A9: 6 | B9: 6963264 | C9: 6109488 | D9: 3205785 | E9: 2394483.3 | F9: 253209.6 | G9: 952550.4 | H9: 476209.6 | I9: 370272 | J9: 687648 | K9: 628272 | L9: 0 | M9: 555114 | N9: 173605 | O9: 82925.8 | P9: 331703.2 | Q9: 131900.8 | R9: 111.02 | S9: 190.19 | T9: 111.93 | U9: 61.5 | V9: 100.04 | W9: 25.8 | X9: 64.2 | Y9: 3.68 | Z9: 39.93 | AA9: 1.84 | AB9: 18.15 | AC9: 0.61 | AD9: 0.18 | AE9: 0.14 | AF9: 0.65 | AG9: 0.4 | AH9: 0.29 | AI9: 0.2 | AJ9: 0.16
A10: 7 | B10: 6013728 | C10: 5276376 | D10: 2768632.5 | E10: 2067962.8 | F10: 602880 | G10: 602880 | H10: 825880 | I10: 402009.6 | J10: 655910.4 | K10: 660009.6 | L10: 77715.96 | M10: 477398.04 | N10: 251320.96 | O10: 33170.32 | P10: 381458.68 | Q10: 82145.32 | R10: 62.22 | S10: 106.59 | T10: 62.73 | U10: 71.25 | V10: 115.9 | W10: 23.4 | X10: 47.4 | Y10: 3.64 | Z10: 39.93 | AA10: 1.82 | AB10: 18.15 | AC10: 0.88 | AD10: 0.39 | AE10: 0.32 | AF10: 0.81 | AG10: 0.13 | AH10: 0.1 | AI10: 0.12 | AJ10: 0.19
A11: 8 | B11: 6583449.6 | C11: 5776243.2 | D11: 3030924 | E11: 2263875.1 | F11: 422016 | G11: 783744 | H11: 645016 | I11: 476064 | J11: 581856 | K11: 734064 | L11: 16653.42 | M11: 538460.58 | N11: 190258.42 | O11: 70486.93 | P11: 344142.07 | Q11: 119461.93 | R11: 39.04 | S11: 66.88 | T11: 39.36 | U11: 73.5 | V11: 119.56 | W11: 40.2 | X11: 77.4 | Y11: 3.84 | Z11: 32.34 | AA11: 1.92 | AB11: 14.7 | AC11: 0.6 | AD11: 0.19 | AE11: 0.16 | AF11: 0.75 | AG11: 0.13 | AH11: 0.15 | AI11: 0.16 | AJ11: 0.17
A12: 9 | B12: 4810982.4 | C12: 4221100.8 | D12: 2214906 | E12: 1654370.3 | F12: 24115.2 | G12: 1181644.8 | H12: 247115.2 | I12: 137529.6 | J12: 920390.4 | K12: 395529.6 | L12: 55511.4 | M12: 499602.6 | N12: 229116.4 | O12: 41462.9 | P12: 373166.1 | Q12: 90437.9 | R12: 119.56 | S12: 204.82 | T12: 120.54 | U12: 37.5 | V12: 61 | W12: 41.4 | X12: 70.8 | Y12: 4.6 | Z12: 37.62 | AA12: 2.3 | AB12: 17.1 | AC12: 0.73 | AD12: 0.32 | AE12: 0.36 | AF12: 0.82 | AG12: 0.18 | AH12: 0.28 | AI12: 0.15 | AJ12: 0.29
A13: 10 | B13: 7849497.6 | C13: 6887059.2 | D13: 3613794 | E13: 2699235.7 | F13: 48230.4 | G13: 1157529.6 | H13: 271230.4 | I13: 116371.2 | J13: 941548.8 | K13: 374371.2 | L13: 72164.82 | M13: 482949.18 | N13: 245769.82 | O13: 24877.74 | P13: 389751.26 | Q13: 73852.74 | R13: 93.94 | S13: 160.93 | T13: 94.71 | U13: 30.75 | V13: 50.02 | W13: 20.4 | X13: 45.6 | Y13: 3.92 | Z13: 36.63 | AA13: 1.96 | AB13: 16.65 | AC13: 0.76 | AD13: 0.16 | AE13: 0.14 | AF13: 0.75 | AG13: 0.14 | AH13: 0.31 | AI13: 0.12 | AJ13: 0.28
A14: 11 | B14: 4874284.8 | C14: 4276641.6 | D14: 2244049.5 | E14: 1676138.3 | F14: 590822.4 | G14: 614937.6 | H14: 813822.4 | I14: 253900.8 | J14: 804019.2 | K14: 511900.8 | L14: 77715.96 | M14: 477398.04 | N14: 251320.96 | O14: 66340.64 | P14: 348288.36 | Q14: 115315.64 | R14: 50.02 | S14: 85.69 | T14: 50.43 | U14: 35.25 | V14: 57.34 | W14: 19.8 | X14: 73.2 | Y14: 4.88 | Z14: 36.63 | AA14: 2.44 | AB14: 16.65 | AC14: 0.67 | AD14: 0.29 | AE14: 0.35 | AF14: 0.65 | AG14: 0.26 | AH14: 0.18 | AI14: 0.15 | AJ14: 0.25
A15: 12 | B15: 7659590.4 | C15: 6720436.8 | D15: 3526363.5 | E15: 2633931.6 | F15: 590822.4 | G15: 614937.6 | H15: 813822.4 | I15: 137529.6 | J15: 920390.4 | K15: 395529.6 | L15: 105471.66 | M15: 449642.34 | N15: 279076.66 | O15: 29024.03 | P15: 385604.97 | Q15: 77999.03 | R15: 48.8 | S15: 83.6 | T15: 49.2 | U15: 30 | V15: 48.8 | W15: 42 | X15: 60.6 | Y15: 4.08 | Z15: 34.32 | AA15: 2.04 | AB15: 15.6 | AC15: 0.87 | AD15: 0.18 | AE15: 0.19 | AF15: 0.67 | AG15: 0.3 | AH15: 0.18 | AI15: 0.19 | AJ15: 0.27
... A132: 129 | B132: 5064192 | C132: 4443264 | D132: 2331480 | E132: 1741442.4 | F132: 265267.2 | G132: 940492.8 | H132: 488267.2 | I132: 179846.4 | J132: 878073.6 | K132: 437846.4 | L132: 38857.98 | M132: 516256.02 | N132: 212462.98 | O132: 20731.45 | P132: 393897.55 | Q132: 69706.45 | R132: 73.2 | S132: 125.4 | T132: 73.8 | U132: 35.25 | V132: 57.34 | W132: 28.2 | X132: 45.6 | Y132: 3.72 | Z132: 32.34 | AA132: 1.86 | AB132: 14.7 | AC132: 0.73 | AD132: 0.12 | AE132: 0.18 | AF132: 0.64 | AG132: 0.25 | AH132: 0.17 | AI132: 0.15 | AJ132: 0.18

Sheet SimResults
B1: Agri Products | H1: Non-Agri Products | L1: Routes | R1: Staff Utilisation
B2: Outbound | E2: Inbound | H2: Dublin | J2: Rosslare | L2: Landbridge | P2: Direct route | R2: Dublin | T2: Rooslare
B3: TT_OB_Agri | C3: WT_OB_A_GB-Dub | D3: WT_OB_A_GB-Ross | E3: TT_IB_Agri | F3: WT_IB_A_Dub | G3: WT_IB_A_Ross | H3: WT_IB_NA_Dub | I3: WT_OB_NA_GB-Dub | J3: WT_IB_NA_Ross | K3: WT_OB_NA_GB-Ross | L3: TT_OB_LB | M3: WT_OB_LB | N3: TT_IB_LB | O3: WT_IB_LB | P3: TT_OB_DR | Q3: TT_IB_DR | R3: Uti_Cus_D | S3: Uti_DAFM_D | T3: Uti_Cus_R | U3: Uti_DAFM_R
A4: 1 | B4: 22.5 | C4: 0.92 | D4: 0.01 | E4: 22.3 | F4: 0.4 | G4: 0.03 | H4: 33.9 | I4: 0.98 | J4: 2.59 | K4: 1.82 | L4: 26.03 | M4: 1.96 | N4: 47.9 | O4: 29 | P4: 35.5 | Q4: 30.7 | R4: 0.97 | S4: 0.24 | T4: 0.57 | U4: 0.13
A5: 2 | B5: 22.9 | C5: 0.77 | D5: 0.07 | E5: 26 | F5: 0.44 | G5: 0.1 | H5: 1.76 | I5: 2.57 | J5: 1.6 | K5: 3.08 | L5: 25.8 | M5: 2.56 | N5: 27.5 | O5: 3.08 | P5: 35.8 | Q5: 30.8 | R5: 0.73 | S5: 0.27 | T5: 0.44 | U5: 0.16
A6: 3 | B6: 40.2 | C6: 0.45 | D6: 0.03 | E6: 109.2 | F6: 0.1 | G6: 0.07 | H6: 1.83 | I6: 0.84 | J6: 1.12 | K6: 1.41 | L6: 25.5 | M6: 1.6 | N6: 27 | O6: 2.47 | P6: 35.6 | Q6: 31.3 | R6: 0.8 | S6: 0.16 | T6: 0.39 | U6: 0.13
A7: 4 | B7: 25 | C7: 0.95 | D7: 0.07 | E7: 56.5 | F7: 0.45 | G7: 0.15 | H7: 16.7 | I7: 2.31 | J7: 2.53 | K7: 2.64 | L7: 26.2 | M7: 3 | N7: 37.9 | O7: 16.2 | P7: 35.7 | Q7: 31.2 | R7: 0.97 | S7: 0.25 | T7: 0.61 | U7: 0.15
A8: 5 | B8: 21.4 | C8: 0.85 | D8: 0.002 | E8: 21 | F8: 0.31 | G8: 0.02 | H8: 103.2 | I8: 0.31 | J8: 3.7 | K8: 1.34 | L8: 25.7 | M8: 1.44 | N8: 93.2 | O8: 87.9 | P8: 35.9 | Q8: 30.7 | R8: 0.98 | S8: 0.2 | T8: 0.71 | U8: 0.1
A9: 6 | B9: 21.6 | C9: 0.83 | D9: 0.03 | E9: 21.4 | F9: 0.43 | G9: 0.08 | H9: 132.1 | I9: 2.04 | J9: 4.62 | K9: 2.33 | L9: 25.6 | M9: 2.2 | N9: 115.1 | O9: 115.2 | P9: 35.9 | Q9: 31 | R9: 0.98 | S9: 0.25 | T9: 0.84 | U9: 0.14
A10: 7 | B10: 22.7 | C10: 0.37 | D10: 0.01 | E10: 26.9 | F10: 0.12 | G10: 0.03 | H10: 1.3 | I10: 0.57 | J10: 0.75 | K10: 0.75 | L10: 25.2 | M10: 0.83 | N10: 26.7 | O10: 1.81 | P10: 36.4 | Q10: 31.5 | R10: 0.57 | S10: 0.13 | T10: 0.29 | U10: 0.07
A11: 8 | B11: 91.2 | C11: 0.73 | D11: 0.07 | E11: 146.2 | F11: 0.19 | G11: 0.17 | H11: 104.4 | I11: 2.98 | J11: 3.19 | K11: 3.4 | L11: 26.2 | M11: 3.46 | N11: 105.9 | O11: 103.1 | P11: 36.1 | Q11: 31.4 | R11: 0.98 | S11: 0.2 | T11: 0.7 | U11: 0.18
A12: 9 | B12: 21.7 | C12: 1.18 | D12: 0.01 | E12: 21.1 | F12: 0.46 | G12: 0.06 | H12: 22.3 | I12: 1.6 | J12: 3.16 | K12: 3.32 | L12: 26.2 | M12: 2.8 | N12: 42.3 | O12: 22.4 | P12: 35.7 | Q12: 30.9 | R12: 0.97 | S12: 0.25 | T12: 0.65 | U12: 0.14
A13: 10 | B13: 2.5 | C13: 0.57 | D13: 0.04 | E13: 23.8 | F13: 0.36 | G13: 0.08 | H13: 2.49 | I13: 0.85 | J13: 1.7 | K13: 1.44 | L13: 25.4 | M13: 1.53 | N13: 27.7 | O13: 3.63 | P13: 36.1 | Q13: 30.7 | R13: 0.89 | S13: 0.23 | T13: 0.47 | U13: 0.13
A14: 11 | B14: 23.3 | C14: 0.26 | D14: 0.007 | E14: 31.8 | F14: 0.08 | G14: 0.01 | H14: 1.37 | I14: 1.2 | J14: 1.25 | K14: 1.47 | L14: 25.3 | M14: 1.06 | N14: 26.5 | O14: 1.91 | P14: 35.6 | Q14: 31.3 | R14: 0.68 | S14: 0.14 | T14: 0.41 | U14: 0.07
A15: 12 | B15: 72.9 | C15: 1.08 | D15: 0.12 | E15: 128.7 | F15: 0.38 | G15: 0.26 | H15: 176.7 | I15: 0.88 | J15: 7.54 | K15: 2.47 | L15: 26.5 | M15: 2.5 | N15: 153.5 | O15: 166.6 | P15: 35.4 | Q15: 31.3 | R15: 0.98 | S15: 0.24 | T15: 0.93 | U15: 0.21
... A132: 129 | B132: 22 | C132: 0.7 | D132: 0.01 | E132: 22 | F132: 0.3 | G132: 0.05 | H132: 60 | I132: 0.91 | J132: 2.2 | K132: 1.5 | L132: 26 | M132: 1.8 | N132: 67 | O132: 53 | P132: 35 | Q132: 31 | R132: 0.98 | S132: 0.18 | T132: 0.55 | U132: 0.1
